{"cameraMode":{"drawMode":0,"name":"Shaded","section":"Shading Mode"},"sceneLighting":false,"audioPlay":false,"sceneViewState":{"showFog":true,"showMaterialUpdate":false,"showSkybox":true,"showFlares":true,"showImageEffects":true,"showParticleSystems":true},"in2DMode":false,"pivot":{"x":11.009919166564942,"y":4.246088027954102,"z":9.154214859008789},"rotation":{"x":0.14076828956604005,"y":0.8215475082397461,"z":-0.23030619323253632,"w":0.5021980404853821},"size":2.7825467586517336,"orthographic":false}