{"cameraMode":{"drawMode":0,"name":"Shaded","section":"Shading Mode"},"sceneLighting":false,"audioPlay":false,"sceneViewState":{"showFog":true,"showMaterialUpdate":false,"showSkybox":true,"showFlares":true,"showImageEffects":true,"showParticleSystems":true},"in2DMode":false,"pivot":{"x":-0.6942781805992127,"y":0.8664745688438416,"z":0.9350000023841858},"rotation":{"x":0.0016343052266165615,"y":-0.9823871850967407,"z":-0.008535228669643402,"w":-0.1866549849510193},"size":4.009485721588135,"orthographic":false}