{"cameraMode":{"drawMode":0,"name":"Shaded","section":"Shading Mode"},"sceneLighting":false,"audioPlay":false,"sceneViewState":{"showFog":true,"showMaterialUpdate":false,"showSkybox":true,"showFlares":true,"showImageEffects":true,"showParticleSystems":true},"in2DMode":false,"pivot":{"x":1.5107192993164063,"y":-0.11338168382644654,"z":4.836619853973389},"rotation":{"x":0.02597460336983204,"y":-0.7262178063392639,"z":0.027462581172585489,"w":0.686424732208252},"size":10.016837120056153,"orthographic":false}