{"cameraMode":{"drawMode":0,"name":"Shaded","section":"Shading Mode"},"sceneLighting":false,"audioPlay":false,"sceneViewState":{"showFog":true,"showMaterialUpdate":false,"showSkybox":true,"showFlares":true,"showImageEffects":true,"showParticleSystems":true},"in2DMode":false,"pivot":{"x":11.009919166564942,"y":4.246088027954102,"z":9.154214859008789},"rotation":{"x":0.0028143625240772964,"y":0.9915996789932251,"z":-0.1274307519197464,"w":0.021990329027175905},"size":1.2825469970703126,"orthographic":false}